Workbook
Name _: #REF!
Name _: #REF!
Name _: #REF!
Name _: #REF!
Name _l: #REF!
Name _l: #REF!
Name _l: #REF!
Name _l: #REF!
Name _p: #REF!
Name _p: #REF!
Name _p: #REF!
Name _p: #REF!
Name _Toc458400507_2: [2]Version!#REF!
Name _Toc458400507_2: [2]Version!#REF!
Name _Toc458400507_2: [2]Version!#REF!
Name _Toc458400507_2: [2]Version!#REF!
Name \l: #REF!
Name \l: #REF!
Name \l: #REF!
Name \l: #REF!
Name \p: #REF!
Name \p: #REF!
Name \p: #REF!
Name \p: #REF!
Name A: #REF!
Name A: #REF!
Name A: #REF!
Name A: #REF!
Name AE: #REF!
Name AE: #REF!
Name AE: #REF!
Name AE: #REF!
Name AgreedTo: #REF!
Name AgreedTo: #REF!
Name AgreedTo: #REF!
Name AgreedTo: #REF!
Name ak: #REF!
Name ak: #REF!
Name ak: #REF!
Name ak: #REF!
Name AllKits: #REF!
Name AllKits: #REF!
Name AllKits: #REF!
Name AllKits: #REF!
Name alok: #REF!
Name alok: #REF!
Name alok: #REF!
Name alok: #REF!
Name app_type: #REF!
Name app_type: #REF!
Name app_type: #REF!
Name app_type: #REF!
Name ar: #REF!
Name ar: #REF!
Name ar: #REF!
Name ar: #REF!
Name BA: #REF!
Name BA: #REF!
Name BA: #REF!
Name BA: #REF!

Sheet Summary
B7: CLIENT : | D7: DATE :
B8: DESIGN & BUILD COMPANY | C8: INDO NIPPON ENTERPRISE PVT. LTD. | D8: SUBMITTED BY : | E8: INDO NIPPON ENTERPRISE PVT. LTD.
B9: WORKING AREA | C9: =3455 -> 3455 | D9: REVISION : | E9: 4
B10: S. NO. | C10: ITEM HEADS | D10: AMOUNT (INR) | E10: REMARKS
B11: 1 | C11: DISMANTELING WORKS | D11: ='A_Dismanteling Works'!F10 -> 156340
B12: 2 | C12: CIVIL & INTERIOR WORKS | D12: ='B_Civil & Interior Works'!F15 -> 1877898
B13: 3 | C13: HVAC WORKS | D13: ='C_HVAC Works'!F9 -> 152750
B14: 4 | C14: APPLIANCES & FURNITURE WORKS | D14: ='D_Appliances & Furniture Works'!F9+'D_Appliances & Furniture Works'!F20+'D_Appliances & Furniture Works'!F25 -> 1724300
B15: 5 | C15: ELECTRICAL WORKS | D15: ='E_Electrical Works'!F7 -> 131290
B16: 6 | C16: TERRACE DEVELOPMENT WORKS | D16: ='F_Terrace Development Works'!F7 -> 286125
B17: TOTAL AMOUNT | D17: =SUM(D11:D16) -> 4328703
B18: 1. Project time line is 20-25 days
B19: 2. Mobilization Period : Within 07 days
B20: 3. On last Payment , the payment shall be done actual.
B22: Ref No | C22: % Payment | D22: Remark
B23: 1 | C23: 0.35 | D23: To Mobilisation of work and OEM order with all measurement
B24: 2 | C24: 0.55 | D24: Upon civil work compeltion and OEM Order installation with 12% of work mobilisation
B25: 3 | C25: 0.1 | D25: Before handover
B26: Grand Total (Without Taxes) | C26: =SUM(C23:C25) -> 1

Sheet A_Dismanteling Works
A2: DISMENTALING WORK
A3: S.No | B3: Item Description | C3: Unit | D3: Rate | E3: Qty | F3: Amount | G3: Remarks
B4: Dismantling Works
A5: 1 | B5: Dismantling and carefully removing existing lightweight gypsum partition walls, including removal of framing, boards, insulation (if any), cutting, breaking, stacking of debris within site premises up to 50 meters lead, complete as directed by Engineer-in-Charge. | C5: Sqft | D5: 38 | E5: 88 | F5: =E5*D5 -> 3344
A6: 2 | B6: Dismantling of gypsum board false ceiling including removal of GI framework, hangers, perimeter channels, cutting around fixtures, careful lowering, stacking of material within site up to 50 meters lead, complete. | C6: Sqft | D6: 32 | E6: 1796 | F6: =E6*D6 -> 57472
A7: 3 | B7: Carefully dismantling of existing toughened glass partitions including patch fittings / channels / door hardware, removal without damage (if reusable), stacking within premises up to 50 meters lead, complete. | C7: Sqft | D7: 54 | E7: 104 | F7: =E7*D7 -> 5616
A8: 4 | B8: Dismantling of door shutter along with wooden frame embedded in wall, including cutting of holdfasts, chiseling of wall edges, removal, stacking within premises up to 50 meters lead, complete. | C8: Nos | D8: 2800 | E8: 1 | F8: =E8*D8 -> 2800
A9: 5 | B9: Carefully dismantling and removing existing carpet tile flooring including adhesive residue scraping, lifting without damage (if reusable), stacking within premises up to 50 meters lead, complete as directed. | C9: Sqft | D9: 28 | E9: =3455-344 -> 3111 | F9: =E9*D9 -> 87108
B10: TOTAL DISMANTELING WORK | F10: =SUM(F5:F9) -> 156340

Sheet B_Civil & Interior Works
A2: CIVIL & INTERIOR WORKS
A3: S.No | B3: Item Description | C3: Unit | D3: Rate | E3: Qty | F3: Amount | G3: Remarks
B4: CIVIL & INTERIOR WORKS
A5: 1 | B5: Providing and fixing 100 mm thick heavy-duty gypsum board partition comprising 50 mm GI metal stud framework (minimum 0.6 mm thick) at 400–600 mm c/c, with 12.5 mm thick gypsum board on both sides. The partition shall include full-height 19 mm thick BWP grade plywood backing on one complete face for entire wall area to support wall-mounted TV panels, display units, shelves, and heavy fixtures. | C5: Sqft | D5: 946 | E5: 168 | F5: =E5*D5 -> 158928
A6: 2 | B6: Providing and fixing two layers of acoustic panels 12mm over existing gypsum wall using approved adhesive/mechanical fixing system, including necessary surface preparation, alignment, edge finishing and complete installation as per approved specifications and directions of Engineer-in-Charge. | C6: Sqft | D6: 360 | E6: =E5*2 -> 336 | F6: =E6*D6 -> 120960
A7: 3 | B7: Providing and fixing gypsum board false ceiling in peripheral border/band area only (central metal ceiling already installed), comprising GI metal framework (0.5–0.6 mm thick) suspended from structural ceiling using GI hangers, with 12.5 mm thick gypsum board, including perimeter channels, edge trims, cut-outs for lights, AC grills, sprinklers, jointing tape, jointing compound, finishing with putty ready for paint, complete in all respects. The work includes proper alignment and seamless integration with existing central metal ceiling. | C7: Sqft | D7: 194 | E7: 1796 | F7: =E7*D7 -> 348424
A8: 4 | B8: Providing and applying 2 coats of white cement based wall putty over prepared surface including surface cleaning, minor surface correction, sanding between coats, complete ready to receive paint. | C8: Sqft | D8: 34 | E8: 3137 | F8: =E8*D8 -> 106658
A9: 5 | B9: Providing and applying 1 coat primer + 2 coats premium acrylic interior emulsion paint over putty-finished surface, including surface preparation, scaffolding, protection of adjacent areas, complete. | C9: Sqft | D9: 40 | E9: 3137 | F9: =E9*D9 -> 125480
A10: 6 | B10: Providing and applying 1 coat primer + 2 coats premium interior emulsion paint over ceiling surface including preparation and protection. | C10: Sqft | D10: 44 | E10: 2245 | F10: =E10*D10 -> 98780
A11: 7 | B11: Providing and fixing single leaf flush door shutter of size 900mm x 2100mm and 35 mm thick, commercial/hardwood core flush door finished with laminate on both sides (1.0 mm thick), including 150 mm x 300 mm (or as per drawing) vision panel with 6 mm clear toughened glass, complete with powder-coated pressed steel door frame (1.2 mm thick), including holdfasts, anchors, hardware provisions, approved make lockset, SS hinges, door closer, tower bolt, door stopper, necessary reinforcement, polishing/paint finish to frame, complete in all respects as per drawings and directions of Engineer-in-Charge. | C11: Nos. | D11: 33500 | E11: 1 | F11: =E11*D11 -> 33500
A12: 8 | B12: Providing and fixing 600 mm wide wall-mounted ledge table made of 19 mm thick BWP grade plywood finished with laminate on top and bottom, including edge banding, necessary MS brackets / support system, wall anchoring and all hardware, complete as per drawings and directions of Engineer-in-Charge. | C12: Rft | D12: 3950 | E12: 48 | F12: =E12*D12 -> 189600
A13: 9 | B13: Providing and fixing manually operated roller blinds of approved make and shade, made from polyester sunscreen fabric, including aluminium roller tube, powder-coated bottom channel, side brackets, operating chain mechanism, necessary fasteners and installation, complete as per drawings and directions of Engineer-in-Charge. | C13: Sqft | D13: 264 | E13: 655 | F13: =E13*D13 -> 172920
A14: 10 | B14: Providing and fixing approved make carpet tiles of approved size with bitumen/PVC backing, laid over prepared surface using recommended adhesive, including surface preparation, cutting, edge finishing and complete installation as per manufacturer’s specification and directions of Engineer-in-Charge. | C14: Sqft | D14: 168 | E14: 3111 | F14: =E14*D14 -> 522648
B15: TOTAL CIVIL & INTERIOR WORKS | F15: =SUM(F5:F14) -> 1877898

Sheet C_HVAC Works
A2: HVAC WORK
A3: S.No | B3: Item Description | C3: Unit | D3: Rate | E3: Qty | F3: Amount | G3: Remarks
B4: HVAC Works
A5: 1 | B5: Providing, installing, testing and commissioning 1.5 TR 5 Star high-wall split air conditioner (Inverter type) of approved make, comprising indoor unit, outdoor unit, cordless remote, copper refrigerant piping (up to 3 RM), drain piping, interconnecting control wiring, outdoor unit stand, necessary insulation, wall core cutting, sealing and finishing, including suitable voltage stabilizer, complete in all respects as per manufacturer’s specifications and directions of Engineer-in-Charge. | C5: Nos. | D5: 66000 | E5: 1 | F5: =E5*D5 -> 66000
A6: 2 | B6: Providing and fixing additional copper refrigerant piping (up to 40 RM) with insulation, along with PVC drain piping from indoor unit to outdoor unit, including clamps, supports, fittings, joints and complete exposed installation as required. | C6: Rmt | D6: 1480 | E6: 40 | F6: =E6*D6 -> 59200
A7: 3 | B7: Providing and laying dedicated power wiring for 1.5 TR split air conditioner from distribution board to indoor/outdoor unit location, including FRLS copper cable of suitable rating in conduit/tray, necessary MCB, isolator, industrial socket outlet, termination, ferruling, testing and commissioning, complete as per site requirement and directions of Engineer-in-Charge. | C7: Point | D7: 12800 | E7: 1 | F7: =E7*D7 -> 12800
A8: 4 | B8: Providing and fixing wall-mounted SPN distribution board with necessary MCBs, incoming isolator, busbar, earthing connections, internal wiring, dressing, labeling, testing and commissioning, complete as per approved specifications. | C8: Unit | D8: 14750 | E8: 1 | F8: =E8*D8 -> 14750
B9: TOTAL HVAC WORK | F9: =SUM(F5:F8) -> 152750

Sheet D_Appliances & Furniture Works
A2: APPLIANCES & FURNITURE WORKS
A3: S.No | B3: Item Description | C3: Unit | D3: Rate | E3: Qty | F3: Amount | G3: Remarks
A4: D1 | B4: MODULAR FURNITURE
A5: 1 | B5: Providing and supplying factory-finished 2-seater modular pod seating comprising upholstered seat and back panels, laminated table top, internal MS frame structure, acoustic panel backing, necessary supports and leveling adjustments, complete as per approved design and specifications. | C5: Nos | D5: 68500 | E5: 2 | F5: =E5*D5 -> 137000 | G5: Workstation Area
A6: 2 | B6: Providing and supplying factory-finished 4-seater modular pod seating comprising upholstered seat and back panels, laminated central table top, internal MS frame structure, acoustic panel backing, necessary supports and leveling adjustments, complete as per approved design and specifications. | C6: Nos | D6: 118500 | E6: 2 | F6: =E6*D6 -> 237000 | G6: Workstation Area
A7: 3 | B7: Providing and supplying factory-fabricated single-user acoustic phone booth comprising MS frame structure, painted external finish, internal acoustic panel lining, glass door with soft-close hinges, ventilation fan system, integrated LED light, laminated work ledge, power socket and data provision, complete as per approved design and specifications. | C7: Nos | D7: 176200 | E7: 4 | F7: =E7*D7 -> 704800 | G7: Workstation Area
A8: 4 | B8: Providing and fixing branding/signage work comprising printed and/or cut vinyl graphics on acrylic sheet base of approved thickness, including design printing, pasting, edge finishing, necessary supports and installation, complete as per approved artwork and specifications. | C8: LS | D8: 12000 | E8: 1 | F8: =E8*D8 -> 12000
B9: TOTAL MODULAR FURNITURE | F9: =SUM(F5:F8) -> 1090800
A11: D2 | B11: LOOSE FURNITURE
A12: 5 | B12: Providing and supplying single-user sleeping pod comprising internal MS frame structure, upholstered side and back panels, mattress with fabric finish, laminated base platform, ventilation cut-outs, integrated reading light and mobile charging provision, complete as per approved design and specifications. | C12: Nos | D12: 74800 | E12: 2 | F12: =E12*D12 -> 149600 | G12: Workstation Area
A13: 6 | B13: Providing and supplying standard size bean bag with high-density EPS bead filling, durable fabric cover (leatherette / suede / polyester as approved), double stitching with zipper closure, complete as per approved specifications. | C13: Nos | D13: 3650 | E13: 8 | F13: =E13*D13 -> 29200 | G13: Workstation Area
A14: 7 | B14: Providing and fixing low height storage unit (approx. 750 mm height) made of 19 mm thick commercial/BWP grade plywood carcass with laminate finish on external faces, internal shelves, necessary shutters (hinged/sliding as per design), soft-close hardware, edge banding, adjustable legs and complete installation as per approved drawings and specifications. | C14: Nos | D14: 16800 | E14: 1 | F14: =E14*D14 -> 16800 | G14: Workstation Area
A15: 8 | B15: Providing and supplying rectangular table of size 5.5 ft x 4.5 ft with laminated top and round metal legs, complete as per approved design and specifications. | C15: Nos | D15: 28750 | E15: 1 | F15: =E15*D15 -> 28750 | G15: Device Lab
A16: 9 | B16: Providing and supplying small center table (approx. 600 mm dia/size and 400–450 mm height) comprising laminated plywood top with edge finish and powder-coated MS base frame, complete as per approved design and specifications. | C16: Nos | D16: 3950 | E16: 3 | F16: =E16*D16 -> 11850 | G16: Terrace Area
A17: 10 | B17: Providing and supplying 2-seater booth sofa suitable for exterior garden use, comprising powder-coated MS/Aluminium frame structure, weather-resistant outdoor grade upholstery with high-density foam, water-resistant fabric, and necessary base support, complete as per approved design and specifications. | C17: Nos | D17: 8200 | E17: 5 | F17: =E17*D17 -> 41000 | G17: Terrace Area
A18: 11 | B18: Providing and supplying outdoor chair suitable for exterior garden use with durable structure and weather-resistant finish, complete as per approved design and specifications. | C18: Nos | D18: 4200 | E18: 4 | F18: =E18*D18 -> 16800 | G18: Terrace Area
A19: 12 | B19: Providing and supplying FRP planter of approved size, shape and finish, suitable for indoor/outdoor use, complete as per approved design and specifications. | C19: Nos | D19: 4000 | E19: 10 | F19: =E19*D19 -> 40000 | G19: Workstation Area
B20: TOTAL LOOSE FURNITURE | F20: =SUM(F12:F19) -> 334000
A22: D3 | B22: APPLIANCES
A23: 13 | B23: Providing and supplying 55-inch LED Smart TV of approved make and model, including standard wall mounting bracket, necessary power cord and installation, complete as per approved specifications and directions of Engineer-in-Charge. | C23: Nos | D23: 49500 | E23: 5 | F23: =E23*D23 -> 247500 | G23: Workstation Area
A24: 14 | B24: Providing and supplying PS5 gaming console (latest generation) including one wireless controller, HDMI cable, power cable and standard accessories, complete as per approved specifications. | C24: Nos | D24: 52000 | E24: 1 | F24: =E24*D24 -> 52000 | G24: Unmind Zone
B25: TOTAL APPLIANCES | F25: =SUM(F23:F24) -> 299500

Sheet E_Electrical Works
A2: ELECTRICAL WORK
A3: S.No | B3: Item Description | C3: Unit | D3: Rate | E3: Qty | F3: Amount | G3: Remarks
B4: ELECTRICAL WORKS
A5: 1 | B5: Providing and fixing 24W round recessed LED ceiling light of approved make in gypsum ceiling band, including connection to existing wiring and testing, complete. | C5: Nos | D5: 2800 | E5: 24 | F5: =E5*D5 -> 67200
A6: 2 | B6: Carrying out miscellaneous electrical modification works including extension/alteration of existing wiring, shifting of points, additional light/power points, replacement/installation of switches and sockets, minor conduit/raceway work, reconnections, terminations, testing and commissioning, and all incidental works required to complete the electrical modifications as per site requirements and directions of Engineer-in-Charge. | C6: LS | D6: 64090 | E6: 1 | F6: =E6*D6 -> 64090
B7: TOTAL ELECTRICAL WORKS | F7: =SUM(F5:F6) -> 131290

Sheet F_Terrace Development Works
A2: TERRACE DEVELOPMENT WORK
A3: S.No | B3: Item Description | C3: Unit | D3: Rate | E3: Qty | F3: Amount | G3: Remarks
B4: TERRACE DEVELOPMENT WORKS
A5: 1 | B5: Providing and executing necessary civil and structural work for installation of canopy/pergola in terrace garden area, including marking, core cutting, anchor bolt fixing, RCC pedestal/footing (if required), grouting, surface finishing and making good waterproofing treatment at disturbed areas, complete as per approved drawings and directions of Engineer-in-Charge. | C5: Sqft | D5: 125 | E5: 701 | F5: =E5*D5 -> 87625
A6: 2 | B6: Providing, fabricating and fixing canopy/pergola structure of approved design and size, comprising structural framework with protective finish, including necessary supports, base plates, anchor fasteners, fabrication, erection, alignment and complete installation at terrace garden area as per approved drawings and directions of Engineer-in-Charge. | C6: Nos | D6: 198500 | E6: 1 | F6: =E6*D6 -> 198500
B7: TOTAL TERRACE DEVELOPMENT WORKS | F7: =SUM(F5:F6) -> 286125
